INSERT INTO CATEGORIA_SERVICIO (ID_CATEGORIA, SERVICIO_PROVEDOR) VALUES
(1, 'Catering'),
(2, 'Decoración'),
(3, 'Sonido'),
(4, 'Iluminación'),
(5, 'Musica'),
(6, 'Música'),
(7, 'Organización');

INSERT INTO CLIENTES (INE_CLIENTE, NOMBRE_CLIENTE, CONTACTO_CLIENTE) VALUES
('1752756369', 'Juan Perez', '978604709'),
('2819463875', 'Maria Garcia', '827145633'),
('3648291765', 'Carlos Lopez', '746209813'),
('4910287463', 'Ana Martinez', '609837462'),
('5729371648', 'Luis Hernandez', '916384725'),
('6531872947', 'Laura Rodriguez', '735916482'),
('7194628375', 'Jorge Gonzalez', '528164937'),
('8374652918', 'Patricia Sanchez', '246813759'),
('9283647195', 'Manuel Ramirez', '674182935'),
('1075946283', 'Gabriela Torres', '813759246'),
('1183647291', 'Diego Flores', '935716482'),
('1294736158', 'Sofia Reyes', '462819375'),
('1375829461', 'Alejandro Diaz', '719283645'),
('1483629571', 'Valeria Gomez', '294618375'),
('1594736182', 'Oscar Cruz', '375916284'),
('1674829357', 'Marco Torres', '519637284');

INSERT INTO EVENTOS (ID_EVENTO, NOMBRE_EVENTO, INE_CLIENTE, FECHA_EVENTO, LUGAR_EVENTO, AFORO_LUGAR_EVENTO, NUMERO_INVITADOS, TEMATICA_EVENTO) VALUES
(1, 'Boda de Juan y Ana', '1752756369', '2024-07-15', 'Hotel Central', 300, 100, 'Romántica'),
(2, 'Conferencia Tech', '2819463875', '2024-08-20', 'Centro Conv.', 120, 45, 'Tecnologia'),
(3, 'Cumpleaños María', '3648291765', '2024-09-10', 'Salón Alegría', 80, 50, 'Fiesta Infantil'),
(4, 'Conferencia Salud', '4910287463', '2024-10-05', 'Centro Médico', 200, 100, 'Salud y Bienestar'),
(5, 'Fiesta Empresa', '5729371648', '2024-12-12', 'Hotel Gala', 150, 100, 'Corporativa'),
(6, 'Despedida Soltero', '6531872947', '2024-11-15', 'Club Nocturno', 80, 50, 'Fiesta'),
(7, 'Congreso Ciencias', '7194628375', '2024-10-22', 'Universidad Tech', 500, 300, 'Científico'),
(8, 'Reunión Anual', '8374652918', '2024-11-30', 'Hotel Metropolitano', 250, 150, 'Corporativa'),
(9, 'Festival Música', '9283647195', '2024-09-05', 'Parque Central', 1000, 800, 'Música'),
(10, 'Cena Gala Anual', '1075946283', '2024-12-01', 'Centro de Convenciones', 300, 250, 'Gala'),
(11, 'Lanzamiento Producto', '1183647291', '2024-11-10', 'Salón Innovación', 150, 100, 'Lanzamiento de Producto'),
(12, 'Fiesta Navidad', '1294736158', '2024-12-20', 'Club Social', 120, 80, 'Navidad'),
(13, 'Torneo Deportivo', '1375829461', '2024-10-15', 'Estadio Deportivo', 500, 300, 'Deportes'),
(14, 'Graduación', '1483629571', '2024-06-01', 'Auditorio Grande', 200, 150, 'Académico'),
(15, 'Aniversario Empresa', '1594736182', '2024-07-20', 'Salón Principal', 100, 80, 'Aniversario'),
(16, 'Desfile Moda', '1674829357', '2024-05-05', 'Pasarela Fashion', 300, 200, 'Moda');

INSERT INTO PROVEEDORES (ID_PROVEEDOR, NOMBRE_PROVEEDOR, ID_CATEGORIA) VALUES
(1, 'Business Catering', 1),
(2, 'Christmas Catering', 1),
(3, 'Christmas Decor', 2),
(4, 'Classic Decor', 2),
(5, 'Corporate Catering', 1),
(6, 'Corporate Sound', 3),
(7, 'Decor Art', 2),
(8, 'Elegant Sound', 3),
(9, 'Fashion Catering', 1),
(10, 'Festival Catering', 1),
(11, 'Festive Lights', 4),
(12, 'Flores Felices', 2),
(13, 'Fresh Flowers', 2),
(14, 'Fun Catering', 1),
(15, 'Gala Catering', 1),
(16, 'Gala Decor', 2),
(17, 'Gala Lights', 4),
(18, 'Graduation Catering', 1),
(19, 'Happy Balloons', 2),
(20, 'Health Catering', 1),
(21, 'Holiday Lights', 4),
(22, 'Holiday Sound', 3),
(23, 'Live Music', 5),
(24, 'Live Music', 6),
(25, 'Night Lights', 4),
(26, 'Night Sound', 3),
(27, 'Party Music', 6),
(28, 'Party Planners', 7),
(29, 'Product Launch', 7),
(30, 'Product Lights', 4),
(31, 'Product Sound', 3),
(32, 'ProSound', 3),
(33, 'Smart Lights', 4),
(34, 'SoundPro', 3),
(35, 'Sports Catering', 1),
(36, 'Sports Decor', 2),
(37, 'Stadium Lights', 4),
(38, 'Stadium Sound', 3),
(39, 'Sweet Treats', 1),
(40, 'Topic Decor', 2),
(41, 'Visual Effects', 4),
(42, 'Wellness Lights', 4);

INSERT INTO Cotizaciones (id_cotizacion, id_evento, descripcion_cotizacion, tiempo_contratado, monto_cotizacion, estado_pago) VALUES
(1, 1, 'Flores y decoraciones', '08:00:00', 350, 'Pagado'),
(2, 1, 'Banda en vivo', '02:00:00', 80, 'Pendiente'),
(3, 1, 'Equipos de sonido', '08:00:00', 300, 'Pagado'),
(4, 1, 'Almuerzo y coffee break', '08:00:00', 400, 'Pagado'),
(5, 2, 'Equipos de sonido', '03:00:00', 120, 'Pagado'),
(6, 2, 'Flores y decoraciones', '03:00:00', 50, 'Pendiente'),
(7, 3, 'Globos y decoraciones', '05:00:00', 100, 'Pagado'),
(8, 3, 'DJ y equipo de sonido', '05:00:00', 200, 'Pagado'),
(9, 3, 'Pastel y bocadillos dulces', '05:00:00', 150, 'Pendiente'),
(10, 3, 'Iluminación y efectos visuales', '05:00:00', 180, 'Pagado'),
(11, 4, 'Almuerzo saludable', '06:00:00', 600, 'Pagado'),
(12, 4, 'Equipos de sonido', '06:00:00', 400, 'Pendiente'),
(13, 4, 'Arreglos florales', '06:00:00', 300, 'Pagado'),
(14, 4, 'Iluminación ambiental', '06:00:00', 200, 'Pagado'),
(15, 5, 'Cena y barra libre', '08:00:00', 800, 'Pendiente'),
(16, 5, 'Equipos de sonido y DJ', '08:00:00', 500, 'Pagado'),
(17, 5, 'Decoración temática', '08:00:00', 450, 'Pendiente'),
(18, 5, 'Iluminación y efectos visuales', '08:00:00', 300, 'Pagado'),
(19, 6, 'Planificación de eventos', '07:00:00', 700, 'Pendiente'),
(20, 6, 'Equipos de sonido y DJ', '07:00:00', 400, 'Pagado'),
(21, 6, 'Iluminación de fiesta', '07:00:00', 350, 'Pendiente'),
(22, 6, 'Bebidas y snacks', '07:00:00', 300, 'Pagado'),
(23, 7, 'Almuerzo y coffee break', '08:00:00', 900, 'Pagado'),
(24, 7, 'Equipos de sonido', '08:00:00', 600, 'Pendiente'),
(25, 7, 'Iluminación de escenario', '08:00:00', 500, 'Pagado'),
(26, 7, 'Decoración temática', '08:00:00', 400, 'Pendiente'),
(27, 8, 'Almuerzo y bebidas', '06:00:00', 700, 'Pagado'),
(28, 8, 'Equipos de sonido y micrófonos', '06:00:00', 400, 'Pendiente'),
(29, 8, 'Iluminación de sala', '06:00:00', 300, 'Pagado'),
(30, 8, 'Decoración formal', '06:00:00', 250, 'Pendiente'),
(31, 9, 'Equipos de sonido', '10:00:00', 350, 'Pagado'),
(32, 9, 'Iluminación y efectos visuales', '10:00:00', 1200, 'Pagado'),
(33, 9, 'Comida y bebida', '10:00:00', 800, 'Pendiente'),
(34, 9, 'Decoración temática', '10:00:00', 600, 'Pagado'),
(35, 9, 'Bandas en vivo', '10:00:00', 1500, 'Pendiente'),
(36, 10, 'Cena de gala y vinos', '08:00:00', 2000, 'Pagado'),
(37, 10, 'Equipos de sonido y DJ', '08:00:00', 1200, 'Pendiente'),
(38, 10, 'Iluminación de gala', '08:00:00', 800, 'Pagado'),
(39, 10, 'Decoración elegante', '08:00:00', 600, 'Pendiente'),
(40, 11, 'Lanzamiento de producto', '05:00:00', 1500, 'Pagado'),
(41, 11, 'Equipos de sonido y micrófonos', '05:00:00', 800, 'Pendiente'),
(42, 11, 'Iluminación especial', '05:00:00', 600, 'Pagado'),
(43, 11, 'Decoración temática', '05:00:00', 400, 'Pendiente'),
(44, 12, 'Cena navideña y ponche', '04:00:00', 500, 'Pagado'),
(45, 12, 'Equipos de sonido y DJ', '04:00:00', 300, 'Pendiente'),
(46, 12, 'Iluminación navideña', '04:00:00', 200, 'Pagado'),
(47, 12, 'Decoración navideña', '04:00:00', 150, 'Pendiente'),
(48, 13, 'Snacks y bebidas deportivas', '06:00:00', 600, 'Pendiente'),
(49, 13, 'Equipos de sonido y anunciador', '06:00:00', 400, 'Pagado'),
(50, 13, 'Iluminación del estadio', '06:00:00', 300, 'Pagado'),
(51, 13, 'Decoración temática deportiva', '06:00:00', 200, 'Pendiente'),
(52, 14, 'Cena de graduación', '05:00:00', 500, 'Pagado'),
(53, 14, 'Equipos de sonido y micrófonos', '05:00:00', 300, 'Pendiente'),
(54, 14, 'Iluminación de ceremonia', '05:00:00', 200, 'Pagado'),
(55, 14, 'Decoración de graduación', '05:00:00', 150, 'Pendiente'),
(56, 15, 'Cena y cóctel', '03:00:00', 300, 'Pagado'),
(57, 15, 'Equipos de sonido y DJ', '03:00:00', 200, 'Pendiente'),
(58, 15, 'Iluminación especial', '03:00:00', 100, 'Pagado'),
(59, 15, 'Decoración temática', '03:00:00', 80, 'Pendiente'),
(60, 16, 'Comida y bebida', '04:00:00', 400, 'Pendiente'),
(61, 16, 'Equipos de sonido y DJ', '04:00:00', 800, 'Pendiente');

INSERT INTO PROPORCIONA (ID_COTIZACION, ID_PROVEEDOR) VALUES
(1, 12),
(2, 23),
(3, 34),
(4, 20),
(5, 34),
(6, 12),
(7, 19),
(8, 27),
(9, 39),
(10, 11),
(11, 20),
(12, 32),
(13, 13),
(14, 42),
(15, 5),
(16, 26),
(17, 40),
(18, 41),
(19, 28),
(20, 26),
(21, 25),
(22, 14),
(23, 20),
(24, 34),
(25, 33),
(26, 40),
(27, 1),
(28, 6),
(29, 42),
(30, 4),
(31, 34),
(32, 41),
(33, 10),
(34, 7),
(35, 23),
(36, 15),
(37, 8),
(38, 17),
(39, 16),
(40, 29),
(41, 31),
(42, 30),
(43, 40),
(44, 2),
(45, 22),
(46, 21),
(47, 3),
(48, 35),
(49, 38),
(50, 37),
(51, 36),
(52, 18),
(53, 31),
(54, 17),
(55, 40),
(56, 20),
(57, 22),
(58, 30),
(59, 40),
(60, 9),
(61, 22);

